Entity;Code;Year;Solar Generation - TWh
Africa;;2011;0,60
Africa (BP);;2011;0,60
Algeria;DZA;2011;0,02
Argentina;ARG;2011;0,00
Asia;;2011;10,34
Asia Pacific (BP);;2011;12,16
Australia;AUS;2011;2,04
Austria;AUT;2011;0,17
Azerbaijan;AZE;2011;0,00
Bangladesh;BGD;2011;0,06
Belarus;BLR;2011;0,00
Belgium;BEL;2011;1,17
Brazil;BRA;2011;0,00
Bulgaria;BGR;2011;0,10
CIS (BP);;2011;0,00
Canada;CAN;2011;0,57
Central America (BP);;2011;0,00
Chile;CHL;2011;0,00
China;CHN;2011;2,61
Colombia;COL;2011;0,00
Croatia;HRV;2011;0,00
Cyprus;CYP;2011;0,01
Czechia;CZE;2011;2,12
Denmark;DNK;2011;0,02
Eastern Africa (BP);;2011;0,18
Ecuador;ECU;2011;0,00
Egypt;EGY;2011;0,24
Estonia;EST;2011;0,00
Europe;;2011;47,10
Europe (BP);;2011;47,11
European Union (27);;2011;46,64
Finland;FIN;2011;0,01
France;FRA;2011;2,08
Germany;DEU;2011;19,99
Greece;GRC;2011;0,61
High-income countries;;2011;60,97
Hong Kong;HKG;2011;0,00
Hungary;HUN;2011;0,00
Iceland;ISL;2011;0,00
India;IND;2011;0,83
Indonesia;IDN;2011;0,00
Iran;IRN;2011;0,00
Iraq;IRQ;2011;0,00
Ireland;IRL;2011;0,00
Israel;ISR;2011;0,19
Italy;ITA;2011;10,80
Japan;JPN;2011;5,44
Kazakhstan;KAZ;2011;0,00
Kuwait;KWT;2011;0,00
Latvia;LVA;2011;0,00
Lithuania;LTU;2011;0,00
Lower-middle-income countries;;2011;1,22
Luxembourg;LUX;2011;0,03
Malaysia;MYS;2011;0,00
Mexico;MEX;2011;0,04
Middle Africa (BP);;2011;0,02
Middle East (BP);;2011;0,23
Morocco;MAR;2011;0,00
Netherlands;NLD;2011;0,10
New Zealand;NZL;2011;0,00
Non-OECD (BP);;2011;4,68
North America;;2011;5,44
North America (BP);;2011;5,35
North Macedonia;MKD;2011;0,00
Norway;NOR;2011;0,01
OECD (BP);;2011;60,90
Oceania;;2011;2,05
Oman;OMN;2011;0,00
Pakistan;PAK;2011;0,03
Peru;PER;2011;0,00
Philippines;PHL;2011;0,00
Poland;POL;2011;0,00
Portugal;PRT;2011;0,28
Qatar;QAT;2011;0,00
Romania;ROU;2011;0,00
Russia;RUS;2011;0,00
Saudi Arabia;SAU;2011;0,01
Singapore;SGP;2011;0,00
Slovakia;SVK;2011;0,40
Slovenia;SVN;2011;0,07
South Africa;ZAF;2011;0,08
South America;;2011;0,04
South Korea;KOR;2011;0,92
South and Central America (BP);;2011;0,13
Spain;ESP;2011;8,68
Sri Lanka;LKA;2011;0,01
Sweden;SWE;2011;0,01
Switzerland;CHE;2011;0,17
Taiwan;TWN;2011;0,06
Thailand;THA;2011;0,09
Trinidad and Tobago;TTO;2011;0,00
Turkey;TUR;2011;0,00
Turkmenistan;TKM;2011;0,00
Ukraine;UKR;2011;0,03
United Arab Emirates;ARE;2011;0,02
United Kingdom;GBR;2011;0,24
United States;USA;2011;4,74
Upper-middle-income countries;;2011;2,94
Uzbekistan;UZB;2011;0,00
Venezuela;VEN;2011;0,00
Vietnam;VNM;2011;0,01
Western Africa (BP);;2011;0,04
World;OWID_WRL;2011;65,58
Africa;;2012;0,99
Africa (BP);;2012;0,99
Algeria;DZA;2012;0,03
Argentina;ARG;2012;0,01
Asia;;2012;15,57
Asia Pacific (BP);;2012;17,55
Australia;AUS;2012;2,41
Austria;AUT;2012;0,34
Azerbaijan;AZE;2012;0,00
Bangladesh;BGD;2012;0,09
Belarus;BLR;2012;0,00
Belgium;BEL;2012;2,15
Brazil;BRA;2012;0,00
Bulgaria;BGR;2012;0,81
CIS (BP);;2012;0,01
Canada;CAN;2012;0,88
Central America (BP);;2012;0,00
Chile;CHL;2012;0,00
China;CHN;2012;3,59
Colombia;COL;2012;0,00
Croatia;HRV;2012;0,00
Cyprus;CYP;2012;0,02
Czechia;CZE;2012;2,17
Denmark;DNK;2012;0,10
Eastern Africa (BP);;2012;0,25
Ecuador;ECU;2012;0,00
Egypt;EGY;2012;0,50
Estonia;EST;2012;0,00
Europe;;2012;72,23
Europe (BP);;2012;72,23
European Union (27);;2012;70,22
Finland;FIN;2012;0,01
France;FRA;2012;4,02
Germany;DEU;2012;26,74
Greece;GRC;2012;1,69
High-income countries;;2012;92,47
Hong Kong;HKG;2012;0,00
Hungary;HUN;2012;0,01
Iceland;ISL;2012;0,00
India;IND;2012;2,10
Indonesia;IDN;2012;0,00
Iran;IRN;2012;0,00
Iraq;IRQ;2012;0,00
Ireland;IRL;2012;0,00
Israel;ISR;2012;0,37
Italy;ITA;2012;18,86
Japan;JPN;2012;7,37
Kazakhstan;KAZ;2012;0,00
Kuwait;KWT;2012;0,00
Latvia;LVA;2012;0,00
Lithuania;LTU;2012;0,00
Lower-middle-income countries;;2012;3,14
Luxembourg;LUX;2012;0,04
Malaysia;MYS;2012;0,01
Mexico;MEX;2012;0,07
Middle Africa (BP);;2012;0,02
Middle East (BP);;2012;0,43
Morocco;MAR;2012;0,00
Netherlands;NLD;2012;0,25
New Zealand;NZL;2012;0,00
Non-OECD (BP);;2012;9,25
North America;;2012;10,19
North America (BP);;2012;9,99
North Macedonia;MKD;2012;0,00
Norway;NOR;2012;0,01
OECD (BP);;2012;92,29
Oceania;;2012;2,42
Oman;OMN;2012;0,00
Pakistan;PAK;2012;0,07
Peru;PER;2012;0,06
Philippines;PHL;2012;0,00
Poland;POL;2012;0,00
Portugal;PRT;2012;0,39
Qatar;QAT;2012;0,00
Romania;ROU;2012;0,01
Russia;RUS;2012;0,00
Saudi Arabia;SAU;2012;0,03
Singapore;SGP;2012;0,01
Slovakia;SVK;2012;0,42
Slovenia;SVN;2012;0,16
South Africa;ZAF;2012;0,09
South America;;2012;0,13
South Korea;KOR;2012;1,13
South and Central America (BP);;2012;0,34
Spain;ESP;2012;11,97
Sri Lanka;LKA;2012;0,01
Sweden;SWE;2012;0,02
Switzerland;CHE;2012;0,30
Taiwan;TWN;2012;0,16
Thailand;THA;2012;0,50
Trinidad and Tobago;TTO;2012;0,00
Turkey;TUR;2012;0,00
Turkmenistan;TKM;2012;0,00
Ukraine;UKR;2012;0,33
United Arab Emirates;ARE;2012;0,02
United Kingdom;GBR;2012;1,35
United States;USA;2012;9,04
Upper-middle-income countries;;2012;5,16
Uzbekistan;UZB;2012;0,00
Venezuela;VEN;2012;0,01
Vietnam;VNM;2012;0,01
Western Africa (BP);;2012;0,07
World;OWID_WRL;2012;101,54
Africa;;2013;0,79
Africa (BP);;2013;0,79
Algeria;DZA;2013;0,03
Argentina;ARG;2013;0,02
Asia;;2013;29,23
Asia Pacific (BP);;2013;32,38
Australia;AUS;2013;3,85
Austria;AUT;2013;0,63
Azerbaijan;AZE;2013;0,00
Bangladesh;BGD;2013;0,13
Belarus;BLR;2013;0,00
Belgium;BEL;2013;2,64
Brazil;BRA;2013;0,00
Bulgaria;BGR;2013;1,36
CIS (BP);;2013;0,02
Canada;CAN;2013;1,50
Central America (BP);;2013;0,00
Chile;CHL;2013;0,01
China;CHN;2013;8,37
Colombia;COL;2013;0,00
Croatia;HRV;2013;0,01
Cyprus;CYP;2013;0,05
Czechia;CZE;2013;2,07
Denmark;DNK;2013;0,52
Eastern Africa (BP);;2013;0,31
Ecuador;ECU;2013;0,00
Egypt;EGY;2013;0,03
Estonia;EST;2013;0,00
Europe;;2013;86,55
Europe (BP);;2013;86,55
European Union (27);;2013;83,42
Finland;FIN;2013;0,01
France;FRA;2013;4,74
Germany;DEU;2013;30,62
Greece;GRC;2013;3,65
High-income countries;;2013;121,07
Hong Kong;HKG;2013;0,00
Hungary;HUN;2013;0,03
Iceland;ISL;2013;0,00
India;IND;2013;3,43
Indonesia;IDN;2013;0,01
Iran;IRN;2013;0,00
Iraq;IRQ;2013;0,05
Ireland;IRL;2013;0,00
Israel;ISR;2013;0,49
Italy;ITA;2013;21,59
Japan;JPN;2013;12,91
Kazakhstan;KAZ;2013;0,00
Kuwait;KWT;2013;0,00
Latvia;LVA;2013;0,00
Lithuania;LTU;2013;0,04
Lower-middle-income countries;;2013;4,36
Luxembourg;LUX;2013;0,07
Malaysia;MYS;2013;0,14
Mexico;MEX;2013;0,11
Middle Africa (BP);;2013;0,02
Middle East (BP);;2013;0,69
Morocco;MAR;2013;0,00
Netherlands;NLD;2013;0,52
New Zealand;NZL;2013;0,01
Non-OECD (BP);;2013;17,95
North America;;2013;17,89
North America (BP);;2013;17,64
North Macedonia;MKD;2013;0,01
Norway;NOR;2013;0,01
OECD (BP);;2013;120,65
Oceania;;2013;3,85
Oman;OMN;2013;0,00
Pakistan;PAK;2013;0,14
Peru;PER;2013;0,20
Philippines;PHL;2013;0,00
Poland;POL;2013;0,00
Portugal;PRT;2013;0,48
Qatar;QAT;2013;0,00
Romania;ROU;2013;0,42
Russia;RUS;2013;0,01
Saudi Arabia;SAU;2013;0,04
Singapore;SGP;2013;0,01
Slovakia;SVK;2013;0,59
Slovenia;SVN;2013;0,22
South Africa;ZAF;2013;0,24
South America;;2013;0,28
South Korea;KOR;2013;1,67
South and Central America (BP);;2013;0,53
Spain;ESP;2013;13,11
Sri Lanka;LKA;2013;0,01
Sweden;SWE;2013;0,04
Switzerland;CHE;2013;0,50
Taiwan;TWN;2013;0,32
Thailand;THA;2013;1,26
Trinidad and Tobago;TTO;2013;0,00
Turkey;TUR;2013;0,01
Turkmenistan;TKM;2013;0,00
Ukraine;UKR;2013;0,57
United Arab Emirates;ARE;2013;0,09
United Kingdom;GBR;2013;2,01
United States;USA;2013;16,04
Upper-middle-income countries;;2013;12,20
Uzbekistan;UZB;2013;0,00
Venezuela;VEN;2013;0,01
Vietnam;VNM;2013;0,01
Western Africa (BP);;2013;0,11
World;OWID_WRL;2013;138,60
Africa;;2014;1,90
Africa (BP);;2014;1,90
Algeria;DZA;2014;0,06
Argentina;ARG;2014;0,02
Asia;;2014;59,34
Asia Pacific (BP);;2014;62,97
Australia;AUS;2014;4,95
Austria;AUT;2014;0,79
Azerbaijan;AZE;2014;0,00
Bangladesh;BGD;2014;0,17
Belarus;BLR;2014;0,00
Belgium;BEL;2014;2,89
Brazil;BRA;2014;0,02
Bulgaria;BGR;2014;1,25
CIS (BP);;2014;0,18
Canada;CAN;2014;2,12
Central America (BP);;2014;0,01
Chile;CHL;2014;0,46
China;CHN;2014;23,51
Colombia;COL;2014;0,00
Croatia;HRV;2014;0,04
Cyprus;CYP;2014;0,08
Czechia;CZE;2014;2,12
Denmark;DNK;2014;0,60
Eastern Africa (BP);;2014;0,41
Ecuador;ECU;2014;0,02
Egypt;EGY;2014;0,14
Estonia;EST;2014;0,00
Europe;;2014;97,48
Europe (BP);;2014;97,34
European Union (27);;2014;91,93
Finland;FIN;2014;0,01
France;FRA;2014;5,91
Germany;DEU;2014;34,56
Greece;GRC;2014;3,79
High-income countries;;2014;159,00
Hong Kong;HKG;2014;0,00
Hungary;HUN;2014;0,07
Iceland;ISL;2014;0,00
India;IND;2014;4,91
Indonesia;IDN;2014;0,01
Iran;IRN;2014;0,00
Iraq;IRQ;2014;0,06
Ireland;IRL;2014;0,00
Israel;ISR;2014;0,84
Italy;ITA;2014;22,31
Japan;JPN;2014;23,55
Kazakhstan;KAZ;2014;0,00
Kuwait;KWT;2014;0,00
Latvia;LVA;2014;0,00
Lithuania;LTU;2014;0,07
Lower-middle-income countries;;2014;6,00
Luxembourg;LUX;2014;0,09
Malaysia;MYS;2014;0,23
Mexico;MEX;2014;0,22
Middle Africa (BP);;2014;0,03
Middle East (BP);;2014;1,31
Morocco;MAR;2014;0,00
Netherlands;NLD;2014;0,78
New Zealand;NZL;2014;0,02
Non-OECD (BP);;2014;38,16
North America;;2014;31,88
North America (BP);;2014;31,56
North Macedonia;MKD;2014;0,01
Norway;NOR;2014;0,01
OECD (BP);;2014;158,19
Oceania;;2014;4,97
Oman;OMN;2014;0,00
Pakistan;PAK;2014;0,24
Peru;PER;2014;0,20
Philippines;PHL;2014;0,02
Poland;POL;2014;0,01
Portugal;PRT;2014;0,63
Qatar;QAT;2014;0,01
Romania;ROU;2014;1,30
Russia;RUS;2014;0,16
Saudi Arabia;SAU;2014;0,05
Singapore;SGP;2014;0,03
Slovakia;SVK;2014;0,60
Slovenia;SVN;2014;0,26
South Africa;ZAF;2014;1,07
South America;;2014;0,77
South Korea;KOR;2014;2,69
South and Central America (BP);;2014;1,11
Spain;ESP;2014;13,67
Sri Lanka;LKA;2014;0,03
Sweden;SWE;2014;0,05
Switzerland;CHE;2014;0,84
Taiwan;TWN;2014;0,53
Thailand;THA;2014;1,93
Trinidad and Tobago;TTO;2014;0,00
Turkey;TUR;2014;0,02
Turkmenistan;TKM;2014;0,00
Ukraine;UKR;2014;0,43
United Arab Emirates;ARE;2014;0,31
United Kingdom;GBR;2014;4,05
United States;USA;2014;29,22
Upper-middle-income countries;;2014;30,02
Uzbekistan;UZB;2014;0,00
Venezuela;VEN;2014;0,00
Vietnam;VNM;2014;0,01
Western Africa (BP);;2014;0,12
World;OWID_WRL;2014;196,36
Africa;;2015;3,26
Africa (BP);;2015;3,26
Algeria;DZA;2015;0,06
Argentina;ARG;2015;0,01
Asia;;2015;91,49
Asia Pacific (BP);;2015;95,62
Australia;AUS;2015;6,20
Austria;AUT;2015;0,94
Azerbaijan;AZE;2015;0,00
Bangladesh;BGD;2015;0,20
Belarus;BLR;2015;0,01
Belgium;BEL;2015;3,06
Brazil;BRA;2015;0,06
Bulgaria;BGR;2015;1,38
CIS (BP);;2015;0,41
Canada;CAN;2015;2,89
Central America (BP);;2015;0,60
Chile;CHL;2015;1,36
China;CHN;2015;39,48
Colombia;COL;2015;0,00
Croatia;HRV;2015;0,06
Cyprus;CYP;2015;0,13
Czechia;CZE;2015;2,26
Denmark;DNK;2015;0,60
Eastern Africa (BP);;2015;0,47
Ecuador;ECU;2015;0,04
Egypt;EGY;2015;0,04
Estonia;EST;2015;0,01
Europe;;2015;108,39
Europe (BP);;2015;108,23
European Union (27);;2015;98,83
Finland;FIN;2015;0,01
France;FRA;2015;7,26
Germany;DEU;2015;37,17
Greece;GRC;2015;3,90
High-income countries;;2015;195,21
Hong Kong;HKG;2015;0,00
Hungary;HUN;2015;0,14
Iceland;ISL;2015;0,00
India;IND;2015;6,57
Indonesia;IDN;2015;0,01
Iran;IRN;2015;0,00
Iraq;IRQ;2015;0,06
Ireland;IRL;2015;0,00
Israel;ISR;2015;1,22
Italy;ITA;2015;22,94
Japan;JPN;2015;34,54
Kazakhstan;KAZ;2015;0,05
Kuwait;KWT;2015;0,01
Latvia;LVA;2015;0,00
Lithuania;LTU;2015;0,07
Lower-middle-income countries;;2015;7,93
Luxembourg;LUX;2015;0,10
Malaysia;MYS;2015;0,27
Mexico;MEX;2015;0,20
Middle Africa (BP);;2015;0,03
Middle East (BP);;2015;1,84
Morocco;MAR;2015;0,01
Netherlands;NLD;2015;1,12
New Zealand;NZL;2015;0,04
Non-OECD (BP);;2015;60,59
North America;;2015;42,95
North America (BP);;2015;42,52
North Macedonia;MKD;2015;0,02
Norway;NOR;2015;0,01
OECD (BP);;2015;194,15
Oceania;;2015;6,23
Oman;OMN;2015;0,00
Pakistan;PAK;2015;0,38
Peru;PER;2015;0,23
Philippines;PHL;2015;0,14
Poland;POL;2015;0,06
Portugal;PRT;2015;0,80
Qatar;QAT;2015;0,01
Romania;ROU;2015;1,98
Russia;RUS;2015;0,34
Saudi Arabia;SAU;2015;0,05
Singapore;SGP;2015;0,05
Slovakia;SVK;2015;0,51
Slovenia;SVN;2015;0,27
South Africa;ZAF;2015;2,40
South America;;2015;1,82
South Korea;KOR;2015;4,23
South and Central America (BP);;2015;2,85
Spain;ESP;2015;13,86
Sri Lanka;LKA;2015;0,05
Sweden;SWE;2015;0,10
Switzerland;CHE;2015;1,12
Taiwan;TWN;2015;0,85
Thailand;THA;2015;2,38
Trinidad and Tobago;TTO;2015;0,01
Turkey;TUR;2015;0,19
Turkmenistan;TKM;2015;0,01
Ukraine;UKR;2015;0,48
United Arab Emirates;ARE;2015;0,31
United Kingdom;GBR;2015;7,53
United States;USA;2015;39,43
Upper-middle-income countries;;2015;49,11
Uzbekistan;UZB;2015;0,00
Venezuela;VEN;2015;0,00
Vietnam;VNM;2015;0,01
Western Africa (BP);;2015;0,14
World;OWID_WRL;2015;254,74
Africa;;2016;5,38
Africa (BP);;2016;5,38
Algeria;DZA;2016;0,25
Argentina;ARG;2016;0,01
Asia;;2016;138,28
Asia Pacific (BP);;2016;141,81
Australia;AUS;2016;7,44
Austria;AUT;2016;1,10
Azerbaijan;AZE;2016;0,04
Bangladesh;BGD;2016;0,22
Belarus;BLR;2016;0,03
Belgium;BEL;2016;3,10
Brazil;BRA;2016;0,09
Bulgaria;BGR;2016;1,39
CIS (BP);;2016;0,64
Canada;CAN;2016;4,03
Central America (BP);;2016;1,18
Chile;CHL;2016;2,55
China;CHN;2016;66,53
Colombia;COL;2016;0,00
Croatia;HRV;2016;0,07
Cyprus;CYP;2016;0,15
Czechia;CZE;2016;2,13
Denmark;DNK;2016;0,74
Eastern Africa (BP);;2016;0,53
Ecuador;ECU;2016;0,04
Egypt;EGY;2016;0,23
Estonia;EST;2016;0,01
Europe;;2016;111,85
Europe (BP);;2016;112,40
European Union (27);;2016;99,02
Finland;FIN;2016;0,02
France;FRA;2016;8,16
Germany;DEU;2016;36,67
Greece;GRC;2016;3,93
High-income countries;;2016;229,06
Hong Kong;HKG;2016;0,00
Hungary;HUN;2016;0,24
Iceland;ISL;2016;0,00
India;IND;2016;11,56
Indonesia;IDN;2016;0,02
Iran;IRN;2016;0,01
Iraq;IRQ;2016;0,06
Ireland;IRL;2016;0,01
Israel;ISR;2016;1,64
Italy;ITA;2016;22,10
Japan;JPN;2016;43,33
Kazakhstan;KAZ;2016;0,09
Kuwait;KWT;2016;0,05
Latvia;LVA;2016;0,00
Lithuania;LTU;2016;0,07
Lower-middle-income countries;;2016;15,08
Luxembourg;LUX;2016;0,10
Malaysia;MYS;2016;0,31
Mexico;MEX;2016;0,25
Middle Africa (BP);;2016;0,04
Middle East (BP);;2016;2,78
Morocco;MAR;2016;0,40
Netherlands;NLD;2016;1,56
New Zealand;NZL;2016;0,06
Non-OECD (BP);;2016;99,07
North America;;2016;60,24
North America (BP);;2016;59,70
North Macedonia;MKD;2016;0,02
Norway;NOR;2016;0,02
OECD (BP);;2016;228,51
Oceania;;2016;7,50
Oman;OMN;2016;0,00
Pakistan;PAK;2016;0,72
Peru;PER;2016;0,24
Philippines;PHL;2016;1,10
Poland;POL;2016;0,12
Portugal;PRT;2016;0,82
Qatar;QAT;2016;0,01
Romania;ROU;2016;1,82
Russia;RUS;2016;0,47
Saudi Arabia;SAU;2016;0,05
Singapore;SGP;2016;0,09
Slovakia;SVK;2016;0,53
Slovenia;SVN;2016;0,27
South Africa;ZAF;2016;3,34
South America;;2016;3,16
South Korea;KOR;2016;5,52
South and Central America (BP);;2016;4,86
Spain;ESP;2016;13,64
Sri Lanka;LKA;2016;0,08
Sweden;SWE;2016;0,14
Switzerland;CHE;2016;1,33
Taiwan;TWN;2016;1,11
Thailand;THA;2016;3,38
Trinidad and Tobago;TTO;2016;0,01
Turkey;TUR;2016;1,04
Turkmenistan;TKM;2016;0,01
Ukraine;UKR;2016;0,49
United Arab Emirates;ARE;2016;0,31
United Kingdom;GBR;2016;10,41
United States;USA;2016;55,42
Upper-middle-income countries;;2016;79,14
Uzbekistan;UZB;2016;0,00
Venezuela;VEN;2016;0,00
Vietnam;VNM;2016;0,01
Western Africa (BP);;2016;0,42
World;OWID_WRL;2016;327,58
Africa;;2017;7,77
Africa (BP);;2017;7,77
Algeria;DZA;2017;0,50
Argentina;ARG;2017;0,02
Asia;;2017;217,77
Asia Pacific (BP);;2017;220,18
Australia;AUS;2017;8,92
Austria;AUT;2017;1,27
Azerbaijan;AZE;2017;0,04
Bangladesh;BGD;2017;0,25
Belarus;BLR;2017;0,09
Belgium;BEL;2017;3,31
Brazil;BRA;2017;0,83
Bulgaria;BGR;2017;1,40
CIS (BP);;2017;0,79
Canada;CAN;2017;3,57
Central America (BP);;2017;1,46
Chile;CHL;2017;3,90
China;CHN;2017;117,80
Colombia;COL;2017;0,01
Croatia;HRV;2017;0,08
Cyprus;CYP;2017;0,17
Czechia;CZE;2017;2,19
Denmark;DNK;2017;0,75
Eastern Africa (BP);;2017;0,61
Ecuador;ECU;2017;0,04
Egypt;EGY;2017;0,60
Estonia;EST;2017;0,01
Europe;;2017;120,50
Europe (BP);;2017;122,76
European Union (27);;2017;105,86
Finland;FIN;2017;0,05
France;FRA;2017;9,10
Germany;DEU;2017;37,89
Greece;GRC;2017;3,99
High-income countries;;2017;276,46
Hong Kong;HKG;2017;0,01
Hungary;HUN;2017;0,35
Iceland;ISL;2017;0,00
India;IND;2017;21,54
Indonesia;IDN;2017;0,03
Iran;IRN;2017;0,09
Iraq;IRQ;2017;0,06
Ireland;IRL;2017;0,01
Israel;ISR;2017;1,64
Italy;ITA;2017;24,38
Japan;JPN;2017;54,24
Kazakhstan;KAZ;2017;0,09
Kuwait;KWT;2017;0,05
Latvia;LVA;2017;0,00
Lithuania;LTU;2017;0,07
Lower-middle-income countries;;2017;26,58
Luxembourg;LUX;2017;0,11
Malaysia;MYS;2017;0,33
Mexico;MEX;2017;1,19
Middle Africa (BP);;2017;0,05
Middle East (BP);;2017;3,55
Morocco;MAR;2017;0,42
Netherlands;NLD;2017;2,20
New Zealand;NZL;2017;0,08
Non-OECD (BP);;2017;167,85
North America;;2017;83,51
North America (BP);;2017;82,82
North Macedonia;MKD;2017;0,02
Norway;NOR;2017;0,04
OECD (BP);;2017;277,61
Oceania;;2017;8,99
Oman;OMN;2017;0,02
Pakistan;PAK;2017;0,98
Peru;PER;2017;0,33
Philippines;PHL;2017;1,20
Poland;POL;2017;0,17
Portugal;PRT;2017;0,99
Qatar;QAT;2017;0,01
Romania;ROU;2017;1,86
Russia;RUS;2017;0,54
Saudi Arabia;SAU;2017;0,07
Singapore;SGP;2017;0,12
Slovakia;SVK;2017;0,51
Slovenia;SVN;2017;0,28
South Africa;ZAF;2017;5,06
South America;;2017;5,46
South Korea;KOR;2017;7,74
South and Central America (BP);;2017;7,61
Spain;ESP;2017;14,32
Sri Lanka;LKA;2017;0,22
Sweden;SWE;2017;0,23
Switzerland;CHE;2017;1,68
Taiwan;TWN;2017;1,67
Thailand;THA;2017;4,54
Trinidad and Tobago;TTO;2017;0,01
Turkey;TUR;2017;2,89
Turkmenistan;TKM;2017;0,01
Ukraine;UKR;2017;0,72
United Arab Emirates;ARE;2017;0,74
United Kingdom;GBR;2017;11,48
United States;USA;2017;78,06
Upper-middle-income countries;;2017;137,14
Uzbekistan;UZB;2017;0,01
Venezuela;VEN;2017;0,00
Vietnam;VNM;2017;0,01
Western Africa (BP);;2017;0,32
World;OWID_WRL;2017;445,47
Africa;;2018;10,05
Africa (BP);;2018;10,05
Algeria;DZA;2018;0,60
Argentina;ARG;2018;0,11
Asia;;2018;310,59
Asia Pacific (BP);;2018;309,60
Australia;AUS;2018;12,33
Austria;AUT;2018;1,46
Azerbaijan;AZE;2018;0,04
Bangladesh;BGD;2018;0,28
Belarus;BLR;2018;0,12
Belgium;BEL;2018;3,90
Brazil;BRA;2018;3,46
Bulgaria;BGR;2018;1,34
CIS (BP);;2018;0,95
Canada;CAN;2018;3,80
Central America (BP);;2018;1,80
Chile;CHL;2018;5,12
China;CHN;2018;176,90
Colombia;COL;2018;0,01
Croatia;HRV;2018;0,07
Cyprus;CYP;2018;0,19
Czechia;CZE;2018;2,34
Denmark;DNK;2018;0,95
Eastern Africa (BP);;2018;0,73
Ecuador;ECU;2018;0,04
Egypt;EGY;2018;0,55
Estonia;EST;2018;0,03
Europe;;2018;129,11
Europe (BP);;2018;136,17
European Union (27);;2018;112,50
Finland;FIN;2018;0,09
France;FRA;2018;10,41
Germany;DEU;2018;43,46
Greece;GRC;2018;3,79
High-income countries;;2018;318,03
Hong Kong;HKG;2018;0,01
Hungary;HUN;2018;0,63
Iceland;ISL;2018;0,00
India;IND;2018;36,33
Indonesia;IDN;2018;0,09
Iran;IRN;2018;0,22
Iraq;IRQ;2018;0,38
Ireland;IRL;2018;0,02
Israel;ISR;2018;1,83
Italy;ITA;2018;22,65
Japan;JPN;2018;62,11
Kazakhstan;KAZ;2018;0,14
Kuwait;KWT;2018;0,05
Latvia;LVA;2018;0,00
Lithuania;LTU;2018;0,09
Lower-middle-income countries;;2018;42,84
Luxembourg;LUX;2018;0,12
Malaysia;MYS;2018;0,63
Mexico;MEX;2018;3,18
Middle Africa (BP);;2018;0,07
Middle East (BP);;2018;5,41
Morocco;MAR;2018;0,95
Netherlands;NLD;2018;3,71
New Zealand;NZL;2018;0,10
Non-OECD (BP);;2018;251,88
North America;;2018;102,10
North America (BP);;2018;101,29
North Macedonia;MKD;2018;0,02
Norway;NOR;2018;0,06
OECD (BP);;2018;324,36
Oceania;;2018;12,43
Oman;OMN;2018;0,02
Pakistan;PAK;2018;1,02
Peru;PER;2018;0,80
Philippines;PHL;2018;1,25
Poland;POL;2018;0,30
Portugal;PRT;2018;1,01
Qatar;QAT;2018;0,01
Romania;ROU;2018;1,77
Russia;RUS;2018;0,62
Saudi Arabia;SAU;2018;0,16
Singapore;SGP;2018;0,14
Slovakia;SVK;2018;0,59
Slovenia;SVN;2018;0,25
South Africa;ZAF;2018;6,20
South America;;2018;10,15
South Korea;KOR;2018;10,15
South and Central America (BP);;2018;12,76
Spain;ESP;2018;12,74
Sri Lanka;LKA;2018;0,32
Sweden;SWE;2018;0,39
Switzerland;CHE;2018;1,95
Taiwan;TWN;2018;2,71
Thailand;THA;2018;4,54
Trinidad and Tobago;TTO;2018;0,00
Turkey;TUR;2018;7,80
Turkmenistan;TKM;2018;0,01
Ukraine;UKR;2018;1,11
United Arab Emirates;ARE;2018;1,31
United Kingdom;GBR;2018;12,67
United States;USA;2018;94,31
Upper-middle-income countries;;2018;208,11
Uzbekistan;UZB;2018;0,01
Venezuela;VEN;2018;0,00
Vietnam;VNM;2018;0,10
Western Africa (BP);;2018;0,63
World;OWID_WRL;2018;576,23
Africa;;2019;12,89
Africa (BP);;2019;12,89
Algeria;DZA;2019;0,62
Argentina;ARG;2019;0,80
Asia;;2019;391,76
Asia Pacific (BP);;2019;390,26
Australia;AUS;2019;18,30
Austria;AUT;2019;1,70
Azerbaijan;AZE;2019;0,04
Bangladesh;BGD;2019;0,33
Belarus;BLR;2019;0,18
Belgium;BEL;2019;4,25
Brazil;BRA;2019;6,65
Bulgaria;BGR;2019;1,44
CIS (BP);;2019;1,68
Canada;CAN;2019;4,08
Central America (BP);;2019;2,22
Chile;CHL;2019;6,30
China;CHN;2019;224,00
Colombia;COL;2019;0,13
Croatia;HRV;2019;0,08
Cyprus;CYP;2019;0,22
Czechia;CZE;2019;2,29
Denmark;DNK;2019;0,96
Eastern Africa (BP);;2019;1,04
Ecuador;ECU;2019;0,17
Egypt;EGY;2019;1,49
Estonia;EST;2019;0,07
Europe;;2019;142,36
Europe (BP);;2019;150,44
European Union (27);;2019;123,27
Finland;FIN;2019;0,15
France;FRA;2019;11,75
Germany;DEU;2019;44,38
Greece;GRC;2019;4,43
High-income countries;;2019;364,82
Hong Kong;HKG;2019;0,01
Hungary;HUN;2019;1,50
Iceland;ISL;2019;0,00
India;IND;2019;46,27
Indonesia;IDN;2019;0,12
Iran;IRN;2019;0,51
Iraq;IRQ;2019;0,38
Ireland;IRL;2019;0,04
Israel;ISR;2019;3,11
Italy;ITA;2019;23,69
Japan;JPN;2019;67,75
Kazakhstan;KAZ;2019;0,39
Kuwait;KWT;2019;0,06
Latvia;LVA;2019;0,00
Lithuania;LTU;2019;0,09
Lower-middle-income countries;;2019;61,92
Luxembourg;LUX;2019;0,13
Malaysia;MYS;2019;0,94
Mexico;MEX;2019;7,37
Middle Africa (BP);;2019;0,07
Middle East (BP);;2019;10,16
Morocco;MAR;2019;1,58
Netherlands;NLD;2019;5,40
New Zealand;NZL;2019;0,13
Non-OECD (BP);;2019;330,99
North America;;2019;120,72
North America (BP);;2019;119,42
North Macedonia;MKD;2019;0,02
Norway;NOR;2019;0,11
OECD (BP);;2019;372,96
Oceania;;2019;18,42
Oman;OMN;2019;0,02
Pakistan;PAK;2019;1,07
Peru;PER;2019;0,83
Philippines;PHL;2019;1,25
Poland;POL;2019;0,71
Portugal;PRT;2019;1,34
Qatar;QAT;2019;0,01
Romania;ROU;2019;1,78
Russia;RUS;2019;0,99
Saudi Arabia;SAU;2019;0,21
Singapore;SGP;2019;0,19
Slovakia;SVK;2019;0,59
Slovenia;SVN;2019;0,30
South Africa;ZAF;2019;6,77
South America;;2019;15,57
South Korea;KOR;2019;14,16
South and Central America (BP);;2019;19,09
Spain;ESP;2019;15,11
Sri Lanka;LKA;2019;0,50
Sweden;SWE;2019;0,66
Switzerland;CHE;2019;2,18
Taiwan;TWN;2019;4,02
Thailand;THA;2019;5,15
Trinidad and Tobago;TTO;2019;0,00
Turkey;TUR;2019;9,25
Turkmenistan;TKM;2019;0,01
Ukraine;UKR;2019;2,93
United Arab Emirates;ARE;2019;3,79
United Kingdom;GBR;2019;12,58
United States;USA;2019;107,97
Upper-middle-income countries;;2019;267,29
Uzbekistan;UZB;2019;0,01
Venezuela;VEN;2019;0,00
Vietnam;VNM;2019;5,25
Western Africa (BP);;2019;0,80
World;OWID_WRL;2019;703,95
Africa;;2020;16,06
Africa (BP);;2020;16,06
Algeria;DZA;2020;0,69
Argentina;ARG;2020;1,34
Asia;;2020;467,67
Asia Pacific (BP);;2020;466,69
Australia;AUS;2020;23,84
Austria;AUT;2020;2,04
Azerbaijan;AZE;2020;0,05
Bangladesh;BGD;2020;0,39
Belarus;BLR;2020;0,17
Belgium;BEL;2020;5,11
Brazil;BRA;2020;10,75
Bulgaria;BGR;2020;1,48
CIS (BP);;2020;3,40
Canada;CAN;2020;4,28
Central America (BP);;2020;2,59
Chile;CHL;2020;7,61
China;CHN;2020;261,10
Colombia;COL;2020;0,19
Croatia;HRV;2020;0,10
Cyprus;CYP;2020;0,30
Czechia;CZE;2020;2,23
Denmark;DNK;2020;1,18
Eastern Africa (BP);;2020;1,17
Ecuador;ECU;2020;0,04
Egypt;EGY;2020;2,84
Estonia;EST;2020;0,13
Europe;;2020;166,73
Europe (BP);;2020;175,65
European Union (27);;2020;143,28
Finland;FIN;2020;0,22
France;FRA;2020;12,93
Germany;DEU;2020;48,64
Greece;GRC;2020;4,45
High-income countries;;2020;433,70
Hong Kong;HKG;2020;0,01
Hungary;HUN;2020;2,46
Iceland;ISL;2020;0,00
India;IND;2020;58,68
Indonesia;IDN;2020;0,17
Iran;IRN;2020;0,64
Iraq;IRQ;2020;0,38
Ireland;IRL;2020;0,06
Israel;ISR;2020;4,16
Italy;ITA;2020;24,55
Japan;JPN;2020;75,14
Kazakhstan;KAZ;2020;1,24
Kuwait;KWT;2020;0,06
Latvia;LVA;2020;0,00
Lithuania;LTU;2020;0,13
Lower-middle-income countries;;2020;84,39
Luxembourg;LUX;2020;0,16
Malaysia;MYS;2020;1,17
Mexico;MEX;2020;9,45
Middle Africa (BP);;2020;0,07
Middle East (BP);;2020;12,67
Morocco;MAR;2020;1,52
Netherlands;NLD;2020;8,76
New Zealand;NZL;2020;0,16
Non-OECD (BP);;2020;403,76
North America;;2020;147,60
North America (BP);;2020;145,77
North Macedonia;MKD;2020;0,02
Norway;NOR;2020;0,14
OECD (BP);;2020;442,47
Oceania;;2020;24,00
Oman;OMN;2020;0,21
Pakistan;PAK;2020;1,20
Peru;PER;2020;0,85
Philippines;PHL;2020;1,37
Poland;POL;2020;1,96
Portugal;PRT;2020;1,69
Qatar;QAT;2020;0,01
Romania;ROU;2020;1,73
Russia;RUS;2020;1,86
Saudi Arabia;SAU;2020;0,21
Singapore;SGP;2020;0,30
Slovakia;SVK;2020;0,66
Slovenia;SVN;2020;0,37
South Africa;ZAF;2020;8,29
South America;;2020;21,58
South Korea;KOR;2020;19,30
South and Central America (BP);;2020;25,99
Spain;ESP;2020;20,67
Sri Lanka;LKA;2020;0,65
Sweden;SWE;2020;1,04
Switzerland;CHE;2020;2,60
Taiwan;TWN;2020;6,07
Thailand;THA;2020;5,16
Trinidad and Tobago;TTO;2020;0,00
Turkey;TUR;2020;10,95
Turkmenistan;TKM;2020;0,01
Ukraine;UKR;2020;5,37
United Arab Emirates;ARE;2020;4,57
United Kingdom;GBR;2020;13,16
United States;USA;2020;132,04
Upper-middle-income countries;;2020;316,24
Uzbekistan;UZB;2020;0,01
Venezuela;VEN;2020;0,00
Vietnam;VNM;2020;10,86
Western Africa (BP);;2020;0,83
World;OWID_WRL;2020;846,23
Africa;;2021;16,52
Africa (BP);;2021;16,52
Algeria;DZA;2021;0,66
Argentina;ARG;2021;2,20
Asia;;2021;579,66
Asia Pacific (BP);;2021;581,51
Australia;AUS;2021;31,19
Austria;AUT;2021;2,12
Azerbaijan;AZE;2021;0,06
Bangladesh;BGD;2021;0,45
Belarus;BLR;2021;0,29
Belgium;BEL;2021;5,61
Brazil;BRA;2021;16,75
Bulgaria;BGR;2021;1,49
CIS (BP);;2021;4,10
Canada;CAN;2021;5,16
Central America (BP);;2021;3,02
Chile;CHL;2021;10,60
China;CHN;2021;327,00
Colombia;COL;2021;0,32
Croatia;HRV;2021;0,10
Cyprus;CYP;2021;0,47
Czechia;CZE;2021;2,15
Denmark;DNK;2021;1,28
Eastern Africa (BP);;2021;1,36
Ecuador;ECU;2021;0,04
Egypt;EGY;2021;2,83
Estonia;EST;2021;0,25
Europe;;2021;185,32
Europe (BP);;2021;195,55
European Union (27);;2021;160,62
Finland;FIN;2021;0,31
France;FRA;2021;14,61
Germany;DEU;2021;49,00
Greece;GRC;2021;5,17
High-income countries;;2021;513,40
Hong Kong;HKG;2021;0,01
Hungary;HUN;2021;3,79
Iceland;ISL;2021;0,00
India;IND;2021;68,31
Indonesia;IDN;2021;0,19
Iran;IRN;2021;0,67
Iraq;IRQ;2021;0,38
Ireland;IRL;2021;0,06
Israel;ISR;2021;5,43
Italy;ITA;2021;25,07
Japan;JPN;2021;86,27
Kazakhstan;KAZ;2021;1,29
Kuwait;KWT;2021;0,06
Latvia;LVA;2021;0,00
Lithuania;LTU;2021;0,12
Lower-middle-income countries;;2021;110,82
Luxembourg;LUX;2021;0,22
Malaysia;MYS;2021;1,50
Mexico;MEX;2021;11,91
Middle Africa (BP);;2021;0,07
Middle East (BP);;2021;15,21
Morocco;MAR;2021;1,82
Netherlands;NLD;2021;11,44
New Zealand;NZL;2021;0,20
Non-OECD (BP);;2021;509,24
North America;;2021;184,82
North America (BP);;2021;182,43
North Macedonia;MKD;2021;0,03
Norway;NOR;2021;0,20
OECD (BP);;2021;523,26
Oceania;;2021;31,40
Oman;OMN;2021;0,26
Pakistan;PAK;2021;1,52
Peru;PER;2021;0,88
Philippines;PHL;2021;1,46
Poland;POL;2021;3,95
Portugal;PRT;2021;2,21
Qatar;QAT;2021;0,01
Romania;ROU;2021;1,70
Russia;RUS;2021;2,31
Saudi Arabia;SAU;2021;0,83
Singapore;SGP;2021;0,40
Slovakia;SVK;2021;0,67
Slovenia;SVN;2021;0,30
South Africa;ZAF;2021;7,90
South America;;2021;31,77
South Korea;KOR;2021;21,82
South and Central America (BP);;2021;37,19
Spain;ESP;2021;26,81
Sri Lanka;LKA;2021;0,76
Sweden;SWE;2021;1,45
Switzerland;CHE;2021;3,01
Taiwan;TWN;2021;7,92
Thailand;THA;2021;5,24
Trinidad and Tobago;TTO;2021;0,00
Turkey;TUR;2021;12,83
Turkmenistan;TKM;2021;0,01
Ukraine;UKR;2021;6,33
United Arab Emirates;ARE;2021;5,14
United Kingdom;GBR;2021;12,38
United States;USA;2021;165,36
Upper-middle-income countries;;2021;394,11
Uzbekistan;UZB;2021;0,05
Venezuela;VEN;2021;0,00
Vietnam;VNM;2021;25,77
Western Africa (BP);;2021;1,19
World;OWID_WRL;2021;1032,50
;;;
;;;
;;;
;;;
;;;
;;;
;;;
;;;
;;;
;;;
;;;
;;;
;;;
;;;
;;;
;;;
;;;
;;;
;;;
;;;
;;;
;;;
;;;
;;;
;;;
;;;
;;;
;;;
;;;
;;;
;;;
;;;
;;;
;;;
;;;
;;;
;;;
;;;
;;;
;;;
;;;
;;;
;;;
;;;
;;;
;;;
;;;
;;;
;;;
;;;
;;;
;;;
;;;
;;;
;;;
;;;
;;;
;;;
;;;
;;;
;;;
;;;
;;;
;;;
;;;
;;;
;;;
;;;
;;;
;;;
;;;
;;;
;;;
;;;
;;;
;;;
;;;
;;;
;;;
;;;
;;;
;;;
;;;
;;;
;;;
;;;
;;;
;;;
;;;
;;;
;;;
;;;
;;;
;;;
;;;
;;;
;;;
;;;
;;;
;;;
;;;
;;;
;;;
;;;
;;;
;;;
;;;
;;;
;;;
;;;
;;;
;;;
;;;
;;;
;;;
;;;
;;;
;;;
;;;
;;;
;;;
;;;
;;;
;;;
;;;
;;;
;;;
;;;
;;;
;;;
;;;
;;;
;;;
;;;
;;;
;;;
;;;
;;;
;;;
;;;
;;;
;;;
;;;
;;;
;;;
;;;
;;;
;;;
;;;
;;;
;;;
;;;
;;;
;;;
;;;
;;;
;;;
;;;
;;;
;;;
;;;
;;;
;;;
;;;
;;;
;;;
;;;
;;;
;;;
;;;
;;;
;;;
;;;
;;;
;;;
;;;
;;;
;;;
;;;
;;;
;;;
;;;
;;;
;;;
;;;
;;;
;;;
;;;
;;;
;;;
;;;
;;;
;;;
;;;
;;;
;;;
;;;
;;;
;;;
;;;
;;;
;;;
;;;
;;;
;;;
;;;
;;;
;;;
;;;
;;;
;;;
;;;
;;;
;;;
;;;
;;;
;;;
;;;
;;;
;;;
;;;
;;;
;;;
;;;
;;;
;;;
;;;
;;;
;;;
;;;
;;;
;;;
;;;
;;;
;;;
;;;
;;;
;;;
;;;
;;;
;;;
;;;
;;;
;;;
;;;
;;;
;;;
;;;
;;;
;;;
;;;
;;;
;;;
;;;
;;;
;;;
;;;
;;;
;;;
;;;
;;;
;;;
;;;
;;;
;;;
;;;
;;;
;;;
;;;
;;;
;;;
;;;
;;;
;;;
;;;
;;;
;;;
;;;
;;;
;;;
;;;
;;;
;;;
;;;
;;;
;;;
;;;
;;;
;;;
;;;
;;;
;;;
;;;
;;;
;;;
;;;
;;;
;;;
;;;
;;;
;;;
;;;
;;;
;;;
;;;
;;;
;;;
;;;
;;;
;;;
;;;
;;;
;;;
;;;
;;;
;;;
;;;
;;;
;;;
;;;
;;;
;;;
;;;
;;;
;;;
;;;
;;;
;;;
;;;
;;;
;;;
;;;
;;;
;;;
;;;
;;;
;;;
;;;
;;;
;;;
;;;
;;;
;;;
;;;
;;;
;;;
;;;
;;;
;;;
;;;
;;;
;;;
;;;
;;;
;;;
;;;
;;;
;;;
;;;
;;;
;;;
;;;
;;;
;;;
;;;
;;;
;;;
;;;
;;;
;;;
;;;
;;;
;;;
;;;
;;;
;;;
;;;
;;;
;;;
;;;
;;;
;;;
;;;
;;;
;;;
;;;
;;;
;;;
;;;
;;;
;;;
;;;
;;;
;;;
;;;
;;;
;;;
;;;
;;;
;;;
;;;
;;;
;;;
;;;
;;;
;;;
;;;
;;;
;;;
;;;
;;;
;;;
;;;
;;;
;;;
;;;
;;;
;;;
;;;
;;;
;;;
;;;
;;;
;;;
;;;
;;;
;;;
;;;
;;;
;;;
;;;
;;;
;;;
;;;
;;;
;;;
;;;
;;;
;;;
;;;
;;;
;;;
;;;
;;;
;;;
;;;
;;;
;;;
;;;
;;;
;;;
;;;
;;;
;;;
;;;
;;;
;;;
;;;
;;;
;;;
;;;
;;;
;;;
;;;
;;;
;;;
;;;
;;;
;;;
;;;
;;;
;;;
;;;
;;;
;;;
;;;
;;;
;;;
;;;
;;;
;;;
;;;
;;;
;;;
;;;
;;;
;;;
;;;
;;;
;;;
;;;
;;;
;;;
;;;
;;;
;;;
;;;
;;;
;;;
;;;
;;;
;;;
;;;
;;;
;;;
;;;
;;;
;;;
;;;
;;;
;;;
;;;
;;;
;;;
;;;
;;;
;;;
;;;
;;;
;;;
;;;
;;;
;;;
;;;
;;;
;;;
;;;
;;;
;;;
;;;
;;;
;;;
;;;
;;;
;;;
;;;
;;;
;;;
;;;
;;;
;;;
;;;
;;;
;;;
;;;
;;;
;;;
;;;
;;;
;;;
;;;
;;;
;;;
;;;
;;;
;;;
;;;
;;;
;;;
;;;
;;;
;;;
;;;
;;;
;;;
;;;
;;;
;;;
;;;
;;;
;;;
;;;
;;;
;;;
;;;
;;;
;;;
;;;
;;;
;;;
;;;
;;;
;;;
;;;
;;;
;;;
;;;
;;;
;;;
;;;
;;;
;;;
;;;
;;;
;;;
;;;
;;;
;;;
;;;
;;;
;;;
;;;
;;;
;;;
;;;
;;;
;;;
;;;
;;;
;;;
;;;
;;;
;;;
;;;
;;;
;;;
;;;
;;;
;;;
;;;
;;;
;;;
;;;
;;;
;;;
;;;
;;;
;;;
;;;
;;;
;;;
;;;
;;;
;;;
;;;
;;;
;;;
;;;
;;;
;;;
;;;
;;;
;;;
;;;
;;;
;;;
;;;
;;;
;;;
;;;
;;;
;;;
;;;
;;;
;;;
;;;
;;;
;;;
;;;
;;;
;;;
;;;
;;;
;;;
;;;
;;;
;;;
;;;
;;;
;;;
;;;
;;;
;;;
;;;
;;;
;;;
;;;
;;;
;;;
;;;
;;;
;;;
;;;
;;;
;;;
;;;
;;;
;;;
;;;
;;;
;;;
;;;
;;;
;;;
;;;
;;;
;;;
;;;
;;;
;;;
;;;
;;;
;;;
;;;
;;;
;;;
;;;
;;;
;;;
;;;
;;;
;;;
;;;
;;;
;;;
;;;
;;;
;;;
;;;
;;;
;;;
;;;
;;;
;;;
;;;
;;;
;;;
;;;
;;;
;;;
;;;
;;;
;;;
;;;
;;;
;;;
;;;
;;;
;;;
;;;
;;;
;;;
;;;
;;;
;;;
;;;
;;;
;;;
;;;
;;;
;;;
;;;
;;;
;;;
;;;
;;;
;;;
;;;
;;;
;;;
;;;
;;;
;;;
;;;
;;;
;;;
;;;
;;;
;;;
;;;
;;;
;;;
;;;
;;;
;;;
;;;
;;;
;;;
;;;
;;;
;;;
;;;
;;;
;;;
;;;
;;;
;;;
;;;
;;;
;;;
;;;
;;;
;;;
;;;
;;;
;;;
;;;
;;;
;;;
;;;
;;;
;;;
;;;
;;;
;;;
;;;
;;;
;;;
;;;
;;;
;;;
;;;
;;;
;;;
;;;
;;;
;;;
;;;
;;;
;;;
;;;
;;;
;;;
;;;
;;;
;;;
;;;
;;;
;;;
;;;
;;;
;;;
;;;
;;;
;;;
;;;
;;;
;;;
;;;
;;;
;;;
;;;
;;;
;;;
;;;
;;;
;;;
;;;
;;;
;;;
;;;
;;;
;;;
;;;
;;;
;;;
;;;
;;;
;;;
;;;
;;;
;;;
;;;
;;;
;;;
;;;
;;;
;;;
;;;
;;;
;;;
;;;
;;;
;;;
;;;
;;;
;;;
;;;
;;;
;;;
;;;
;;;
;;;
;;;
;;;
;;;
;;;
;;;
;;;
;;;
;;;
;;;
;;;
;;;
;;;
;;;
;;;
;;;
;;;
;;;
;;;
;;;
;;;
;;;
;;;
;;;
;;;
;;;
;;;
;;;
;;;
;;;
;;;
;;;
;;;
;;;
;;;
;;;
;;;
;;;
;;;
;;;
;;;
;;;
;;;
;;;
;;;
;;;
;;;
;;;
;;;
;;;
;;;
;;;
;;;
;;;
;;;
;;;
;;;
;;;
;;;
;;;
;;;
;;;
;;;
;;;
;;;
;;;
;;;
;;;
;;;
;;;
;;;
;;;
;;;
;;;
;;;
;;;
;;;
;;;
;;;
;;;
;;;
;;;
;;;
;;;
;;;
;;;
;;;
;;;
;;;
;;;
;;;
;;;
;;;
;;;
;;;
;;;
;;;
;;;
;;;
;;;
;;;
;;;
;;;
;;;
;;;
;;;
;;;
;;;
;;;
;;;
;;;
;;;
;;;
;;;
;;;
;;;
;;;
;;;
;;;
;;;
;;;
;;;
;;;
;;;
;;;
;;;
;;;
;;;
;;;
;;;
;;;
;;;
;;;
;;;
;;;
;;;
;;;
;;;
;;;
;;;
;;;
;;;
;;;
;;;
;;;
;;;
;;;
;;;
;;;
;;;
;;;
;;;
;;;
;;;
;;;
;;;
;;;
;;;
;;;
;;;
;;;
;;;
;;;
;;;
;;;
;;;
;;;
;;;
;;;
;;;
;;;
;;;
;;;
;;;
;;;
;;;
;;;
;;;
;;;
;;;
;;;
;;;
;;;
;;;
;;;
;;;
;;;
;;;
;;;
;;;
;;;
;;;
;;;
;;;
;;;
;;;
;;;
;;;
;;;
;;;
;;;
;;;
;;;
;;;
;;;
;;;
;;;
;;;
;;;
;;;
;;;
;;;
;;;
;;;
;;;
;;;
;;;
;;;
;;;
;;;
;;;
;;;
;;;
;;;
;;;
;;;
;;;
;;;
;;;
;;;
;;;
;;;
;;;
;;;
;;;
;;;
;;;
;;;
;;;
;;;
;;;
;;;
;;;
;;;
;;;
;;;
;;;
;;;
;;;
;;;
;;;
;;;
;;;
;;;
;;;
;;;
;;;
;;;
;;;
;;;
;;;
;;;
;;;
;;;
;;;
;;;
;;;
;;;
;;;
;;;
;;;
;;;
;;;
;;;
;;;
;;;
;;;
;;;
;;;
;;;
;;;
;;;
;;;
;;;
;;;
;;;
;;;
;;;
;;;
;;;
;;;
;;;
;;;
;;;
;;;
;;;
;;;
;;;
;;;
;;;
;;;
;;;
;;;
;;;
;;;
;;;
;;;
;;;
;;;
;;;
;;;
;;;
;;;
;;;
;;;
;;;
;;;
;;;
;;;
;;;
;;;
;;;
;;;
;;;
;;;
;;;
;;;
;;;
;;;
;;;
;;;
;;;
;;;
;;;
;;;
;;;
;;;
;;;
;;;
;;;
;;;
;;;
;;;
;;;
;;;
;;;
;;;
;;;
;;;
;;;
;;;
;;;
;;;
;;;
;;;
;;;
;;;
;;;
;;;
;;;
;;;
;;;
;;;
;;;
;;;
;;;
;;;
;;;
;;;
;;;
;;;
;;;
;;;
;;;
;;;
;;;
;;;
;;;
;;;
;;;
;;;
;;;
;;;
;;;
;;;
;;;
;;;
;;;
;;;
;;;
;;;
;;;
;;;
;;;
;;;
;;;
;;;
;;;
;;;
;;;
;;;
;;;
;;;
;;;
;;;
;;;
;;;
;;;
;;;
;;;
;;;
;;;
;;;
;;;
;;;
;;;
;;;
;;;
;;;
;;;
;;;
;;;
;;;
;;;
;;;
;;;
;;;
;;;
;;;
;;;
;;;
;;;
;;;
;;;
;;;
;;;
;;;
;;;
;;;
;;;
;;;
;;;
;;;
;;;
;;;
;;;
;;;
;;;
;;;
;;;
;;;
;;;
;;;
;;;
;;;
;;;
;;;
;;;
;;;
;;;
;;;
;;;
;;;
;;;
;;;
;;;
;;;
;;;
;;;
;;;
;;;
;;;
;;;
;;;
;;;
;;;
;;;
;;;
;;;
;;;
;;;
;;;
;;;
;;;
;;;
;;;
;;;
;;;
;;;
;;;
;;;
;;;
;;;
;;;
;;;
;;;
;;;
;;;
;;;
;;;
;;;
;;;
;;;
;;;
;;;
;;;
;;;
;;;
;;;
;;;
;;;
;;;
;;;
;;;
;;;
;;;
;;;
;;;
;;;
;;;
;;;
;;;
;;;
;;;
;;;
;;;
;;;
;;;
;;;
;;;
;;;
;;;
;;;
;;;
;;;
;;;
;;;
;;;
;;;
;;;
;;;
;;;
;;;
;;;
;;;
;;;
;;;
;;;
;;;
;;;
;;;
;;;
;;;
;;;
;;;
;;;
;;;
;;;
;;;
;;;
;;;
;;;
;;;
;;;
;;;
;;;
;;;
;;;
;;;
;;;
;;;
;;;
;;;
;;;
;;;
;;;
;;;
;;;
;;;
;;;
;;;
;;;
;;;
;;;
;;;
;;;
;;;
;;;
;;;
;;;
;;;
;;;
;;;
;;;
;;;
;;;
;;;
;;;
;;;
;;;
;;;
;;;
;;;
;;;
;;;
;;;
;;;
;;;
;;;
;;;
;;;
;;;
;;;
;;;
;;;
;;;
;;;
;;;
;;;
;;;
;;;
;;;
;;;
;;;
;;;
;;;
;;;
;;;
;;;
;;;
;;;
;;;
;;;
;;;
;;;
;;;
;;;
;;;
;;;
;;;
;;;
;;;
;;;
;;;
;;;
;;;
;;;
;;;
;;;
;;;
;;;
;;;
;;;
;;;
;;;
;;;
;;;
;;;
;;;
;;;
;;;
;;;
;;;
;;;
;;;
;;;
;;;
;;;
;;;
;;;
;;;
;;;
;;;
;;;
;;;
;;;
;;;
;;;
;;;
;;;
;;;
;;;
;;;
;;;
;;;
;;;
;;;
;;;
;;;
;;;
;;;
;;;
;;;
;;;
;;;
;;;
;;;
;;;
;;;
;;;
;;;
;;;
;;;
;;;
;;;
;;;
;;;
;;;
;;;
;;;
;;;
;;;
;;;
;;;
;;;
;;;
;;;
;;;
;;;
;;;
;;;
;;;
;;;
;;;
;;;
;;;
;;;
;;;
;;;
;;;
;;;
;;;
;;;
;;;
;;;
;;;
;;;
;;;
;;;
;;;
;;;
;;;
;;;
;;;
;;;
;;;
;;;
;;;
;;;
;;;
;;;
;;;
;;;
;;;
;;;
;;;
;;;
;;;
;;;
;;;
;;;
;;;
;;;
;;;
;;;
;;;
;;;
;;;
;;;
;;;
;;;
;;;
;;;
;;;
;;;
;;;
;;;
;;;
;;;
;;;
;;;
;;;
;;;
;;;
;;;
;;;
;;;
;;;
;;;
;;;
;;;
;;;
;;;
;;;
;;;
;;;
;;;
;;;
;;;
;;;
;;;
;;;
;;;
;;;
;;;
;;;
;;;
;;;
;;;
;;;
;;;
;;;
;;;
;;;
;;;
;;;
;;;
;;;
;;;
;;;
;;;
;;;
;;;
;;;
;;;
;;;
;;;
;;;
;;;
;;;
;;;
;;;
;;;
;;;
;;;
;;;
;;;
;;;
;;;
;;;
;;;
;;;
;;;
;;;
;;;
;;;
;;;
;;;
;;;
;;;
;;;
;;;
;;;
;;;
;;;
;;;
;;;
;;;
;;;
;;;
;;;
;;;
;;;
;;;
;;;
;;;
;;;
;;;
;;;
;;;
;;;
;;;
;;;
;;;
;;;
;;;
;;;
;;;
;;;
;;;
;;;
;;;
;;;
;;;
;;;
;;;
;;;
;;;
;;;
;;;
;;;
;;;
;;;
;;;
;;;
;;;
;;;
;;;
;;;
;;;
;;;
;;;
;;;
;;;
;;;
;;;
;;;
;;;
;;;
;;;
;;;
;;;
;;;
;;;
;;;
;;;
;;;
;;;
;;;
;;;
;;;
;;;
;;;
;;;
;;;
;;;
;;;
;;;
;;;
;;;
;;;
;;;
;;;
;;;
;;;
;;;
;;;
;;;
;;;
;;;
;;;
;;;
;;;
;;;
;;;
;;;
;;;
;;;
;;;
;;;
;;;
;;;
;;;
;;;
;;;
;;;
;;;
;;;
;;;
;;;
;;;
;;;
;;;
;;;
;;;
;;;
;;;
;;;
;;;
;;;
;;;
;;;
;;;
;;;
;;;
;;;
;;;
;;;
;;;
;;;
;;;
;;;
;;;
;;;
;;;
;;;
;;;
;;;
;;;
;;;
;;;
;;;
;;;
;;;
;;;
;;;
;;;
;;;
;;;
;;;
;;;
;;;
;;;
;;;
;;;
;;;
;;;
;;;
;;;
;;;
;;;
;;;
;;;
;;;
;;;
;;;
;;;
;;;
;;;
;;;
;;;
;;;
;;;
;;;
;;;
;;;
;;;
;;;
;;;
;;;
;;;
;;;
;;;
;;;
;;;
;;;
;;;
;;;
;;;
;;;
;;;
;;;
;;;
;;;
;;;
;;;
;;;
;;;
;;;
;;;
;;;
;;;
;;;
;;;
;;;
;;;
;;;
;;;
;;;
;;;
;;;
;;;
;;;
;;;
;;;
;;;
;;;
;;;
;;;
;;;
;;;
;;;
;;;
;;;
;;;
;;;
;;;
;;;
;;;
;;;
;;;
;;;
;;;
;;;
;;;
;;;
;;;
;;;
;;;
;;;
;;;
;;;
;;;
;;;
;;;
;;;
;;;
;;;
;;;
;;;
;;;
;;;
;;;
;;;
;;;
;;;
;;;
;;;
;;;
;;;
;;;
;;;
;;;
;;;
;;;
;;;
;;;
;;;
;;;
;;;
;;;
;;;
;;;
;;;
;;;
;;;
;;;
;;;
;;;
;;;
;;;
;;;
;;;
;;;
;;;
;;;
;;;
;;;
;;;
;;;
;;;
;;;
;;;
;;;
;;;
;;;
;;;
;;;
;;;
;;;
;;;
;;;
;;;
;;;
;;;
;;;
;;;
;;;
;;;
;;;
;;;
;;;
;;;
;;;
;;;
;;;
;;;
;;;
;;;
;;;
;;;
;;;
;;;
;;;
;;;
;;;
;;;
;;;
;;;
;;;
;;;
;;;
;;;
;;;
;;;
;;;
;;;
;;;
;;;
;;;
;;;
;;;
;;;
;;;
;;;
;;;
;;;
;;;
;;;
;;;
;;;
;;;
;;;
;;;
;;;
;;;
;;;
;;;
;;;
;;;
;;;
;;;
;;;
;;;
;;;
;;;
;;;
;;;
;;;
;;;
;;;
;;;
;;;
;;;
;;;
;;;
;;;
;;;
;;;
;;;
;;;
;;;
;;;
;;;
;;;
;;;
;;;
;;;
;;;
;;;
;;;
;;;
;;;
;;;
;;;
;;;
;;;
;;;
;;;
;;;
;;;
;;;
;;;
;;;
;;;
;;;
;;;
;;;
;;;
;;;
;;;
;;;
;;;
;;;
;;;
;;;
;;;
;;;
;;;
;;;
;;;
;;;
;;;
;;;
;;;
;;;
;;;
;;;
;;;
;;;
;;;
;;;
;;;
;;;
;;;
;;;
;;;
;;;
;;;
;;;
;;;
;;;
;;;
;;;
;;;
;;;
;;;
;;;
;;;
;;;
;;;
;;;
;;;
;;;
;;;
;;;
;;;
;;;
;;;
;;;
;;;
;;;
;;;
;;;
;;;
;;;
;;;
;;;
;;;
;;;
;;;
;;;
;;;
;;;
;;;
;;;
;;;
;;;
;;;
;;;
;;;
;;;
;;;
;;;
;;;
;;;
;;;
;;;
;;;
;;;
;;;
;;;
;;;
;;;
;;;
;;;
;;;
;;;
;;;
;;;
;;;
;;;
;;;
;;;
;;;
;;;
;;;
;;;
;;;
;;;
;;;
;;;
;;;
;;;
;;;
;;;
;;;
;;;
;;;
;;;
;;;
;;;
;;;
;;;
;;;
;;;
;;;
;;;
;;;
;;;
;;;
;;;
;;;
;;;
;;;
;;;
;;;
;;;
;;;
;;;
;;;
;;;
;;;
;;;
;;;
;;;
;;;
;;;
;;;
;;;
;;;
;;;
;;;
;;;
;;;
;;;
;;;
;;;
;;;
;;;
;;;
;;;
;;;
;;;
;;;
;;;
;;;
;;;
;;;
;;;
;;;
;;;
;;;
;;;
;;;
;;;
;;;
;;;
;;;
;;;
;;;
;;;
;;;
;;;
;;;
;;;
;;;
;;;
;;;
;;;
;;;
;;;
;;;
;;;
;;;
;;;
;;;
;;;
;;;
;;;
;;;
;;;
;;;
;;;
;;;
;;;
;;;
;;;
;;;
;;;
;;;
;;;
;;;
;;;
;;;
;;;
;;;
;;;
;;;
;;;
;;;
;;;
;;;
;;;
;;;
;;;
;;;
;;;
;;;
;;;
;;;
;;;
;;;
;;;
;;;
;;;
;;;
;;;
;;;
;;;
;;;
;;;
;;;
;;;
;;;
;;;
;;;
;;;
;;;
;;;
;;;
;;;
;;;
;;;
;;;
;;;
;;;
;;;
;;;
;;;
;;;
;;;
;;;
;;;
;;;
;;;
;;;
;;;
;;;
;;;
;;;
;;;
;;;
;;;
;;;
;;;
;;;
;;;
;;;
;;;
;;;
;;;
;;;
;;;
;;;
;;;
;;;
;;;
;;;
;;;
;;;
;;;
;;;
;;;
;;;
;;;
;;;
;;;
;;;
;;;
;;;
;;;
;;;
;;;
;;;
;;;
;;;
;;;
;;;
;;;
;;;
;;;
;;;
;;;
;;;
;;;
;;;
;;;
;;;
;;;
;;;
;;;
;;;
;;;
;;;
;;;
;;;
;;;
;;;
;;;
;;;
;;;
;;;
;;;
;;;
;;;
;;;
;;;
;;;
;;;
;;;
;;;
;;;
;;;
;;;
;;;
;;;
;;;
;;;
;;;
;;;
;;;
;;;
;;;
;;;
;;;
;;;
;;;
;;;
;;;
;;;
;;;
;;;
;;;
;;;
;;;
;;;
;;;
;;;
;;;
;;;
;;;
;;;
;;;
;;;
;;;
;;;
;;;
;;;
;;;
;;;
;;;
;;;
;;;
;;;
;;;
;;;
;;;
;;;
;;;
;;;
;;;
;;;
;;;
;;;
;;;
;;;
;;;
;;;
;;;
;;;
;;;
;;;
;;;
;;;
;;;
;;;
;;;
;;;
;;;
;;;
;;;
;;;
;;;
;;;
;;;
;;;
;;;
;;;
;;;
;;;
;;;
;;;
;;;
;;;
;;;
;;;
;;;
;;;
;;;
;;;
;;;
;;;
;;;
;;;
;;;
;;;
;;;
;;;
;;;
;;;
;;;
;;;
;;;
;;;
;;;
;;;
;;;
;;;
;;;
;;;
;;;
;;;
;;;
;;;
;;;
;;;
;;;
;;;
;;;
;;;
;;;
;;;
;;;
;;;
;;;
;;;
;;;
;;;
;;;
;;;
;;;
;;;
;;;
;;;
;;;
;;;
;;;
;;;
;;;
;;;
;;;
;;;
;;;
;;;
;;;
;;;
;;;
;;;
;;;
;;;
;;;
;;;
;;;
;;;
;;;
;;;
;;;
;;;
;;;
;;;
;;;
;;;
;;;
;;;
;;;
;;;
;;;
;;;
;;;
;;;
;;;
;;;
;;;
;;;
;;;
;;;
;;;
;;;
;;;
;;;
;;;
;;;
;;;
;;;
;;;
;;;
;;;
;;;
;;;
;;;
;;;
;;;
;;;
;;;
;;;
;;;
;;;
;;;
;;;
;;;
;;;
;;;
;;;
;;;
;;;
;;;
;;;
;;;
;;;
;;;
;;;
;;;
;;;
;;;
;;;
;;;
;;;
;;;
;;;
;;;
;;;
;;;
;;;
;;;
;;;
;;;
;;;
;;;
;;;
;;;
;;;
;;;
;;;
;;;
;;;
;;;
;;;
;;;
;;;
;;;
;;;
;;;
;;;
;;;
;;;
;;;
;;;
;;;
;;;
;;;
;;;
;;;
;;;
;;;
;;;
;;;
;;;
;;;
;;;
;;;
;;;
;;;
;;;
;;;
;;;
;;;
;;;
;;;
;;;
;;;
;;;
;;;
;;;
;;;
;;;
;;;
;;;
;;;
;;;
;;;
;;;
;;;
;;;
;;;
;;;
;;;
;;;
;;;
;;;
;;;
;;;
;;;
;;;
;;;
;;;
;;;
;;;
;;;
;;;
;;;
;;;
;;;
;;;
;;;
;;;
;;;
;;;
;;;
;;;
;;;
;;;
;;;
;;;
;;;
;;;
;;;
;;;
;;;
;;;
;;;
;;;
;;;
;;;
;;;
;;;
;;;
;;;
;;;
;;;
;;;
;;;
;;;
;;;
;;;
;;;
;;;
;;;
;;;
;;;
;;;
;;;
;;;
;;;
;;;
;;;
;;;
;;;
;;;
;;;
;;;
;;;
;;;
;;;
;;;
;;;
;;;
;;;
;;;
;;;
;;;
;;;
;;;
;;;
;;;
;;;
;;;
;;;
;;;
;;;
;;;
;;;
;;;
;;;
;;;
;;;
;;;
;;;
;;;
;;;
;;;
;;;
;;;
;;;
;;;
;;;
;;;
;;;
;;;
;;;
;;;
;;;
;;;
;;;
;;;
;;;
;;;
;;;
;;;
;;;
;;;
;;;
;;;
;;;
;;;
;;;
;;;
;;;
;;;
;;;
;;;
;;;
;;;
;;;
;;;
;;;
;;;
;;;
;;;
;;;
;;;
;;;
;;;
;;;
;;;
;;;
;;;
;;;
;;;
;;;
;;;
;;;
;;;
;;;
;;;
;;;
;;;
;;;
;;;
;;;
;;;
;;;
;;;
;;;
;;;
;;;
;;;
;;;
;;;
;;;
;;;
;;;
;;;
;;;
;;;
;;;
;;;
;;;
;;;
;;;
;;;
;;;
;;;
;;;
;;;
;;;
;;;
;;;
;;;
;;;
;;;
;;;
;;;
;;;
;;;
;;;
;;;
;;;
;;;
;;;
;;;
;;;
;;;
;;;
;;;
;;;
;;;
;;;
;;;
;;;
;;;
;;;
;;;
;;;
;;;
;;;
;;;
;;;
;;;
;;;
;;;
;;;
;;;
;;;
;;;
;;;
;;;
;;;
;;;
;;;
;;;
;;;
;;;
;;;
;;;
;;;
;;;
;;;
;;;
;;;
;;;
;;;
;;;
;;;
;;;
;;;
;;;
;;;
;;;
;;;
;;;
;;;
;;;
;;;
;;;
;;;
;;;
;;;
;;;
;;;
;;;
;;;
;;;
;;;
;;;
;;;
;;;
;;;
;;;
;;;
;;;
;;;
;;;
;;;
;;;
;;;
;;;
;;;
;;;
;;;
;;;
;;;
;;;
;;;
;;;
;;;
;;;
;;;
;;;
;;;
;;;
;;;
;;;
;;;
;;;
;;;
;;;
;;;
;;;
;;;
;;;
;;;
;;;
;;;
;;;
;;;
;;;
;;;
;;;
;;;
;;;
;;;
;;;
;;;
;;;
;;;
;;;
;;;
;;;
;;;
;;;
;;;
;;;
;;;
;;;
;;;
;;;
;;;
;;;
;;;
;;;
;;;
;;;
;;;
;;;
;;;
;;;
;;;
;;;
;;;
;;;
;;;
;;;
;;;
;;;
;;;
;;;
;;;
;;;
;;;
;;;
;;;
;;;
;;;
;;;
;;;
;;;
;;;
;;;
;;;
;;;
;;;
;;;
;;;
;;;
;;;
;;;
;;;
;;;
;;;
;;;
;;;
;;;
;;;
;;;
;;;
;;;
;;;
;;;
;;;
;;;
;;;
;;;
;;;
;;;
;;;
;;;
;;;
;;;
;;;
;;;
;;;
;;;
;;;
;;;
;;;
;;;
;;;
;;;
;;;
;;;
;;;
;;;
;;;
;;;
;;;
;;;
;;;
;;;
;;;
;;;
;;;
;;;
;;;
;;;
;;;
;;;
;;;
;;;
;;;
;;;
;;;
;;;
;;;
;;;
;;;
;;;
;;;
;;;
;;;
;;;
;;;
;;;
;;;
;;;
;;;
;;;
;;;
;;;
;;;
;;;
;;;
;;;
;;;
;;;
;;;
;;;
;;;
;;;
;;;
;;;
;;;
;;;
;;;
;;;
;;;
;;;
;;;
;;;
;;;
;;;
;;;
;;;
;;;
;;;
;;;
;;;
;;;
;;;
;;;
;;;
;;;
;;;
;;;
;;;
;;;
;;;
;;;
;;;
;;;
;;;
;;;
;;;
;;;
;;;
;;;
;;;
;;;
;;;
;;;
;;;
;;;
;;;
;;;
;;;
;;;
;;;
;;;
;;;
;;;
;;;
;;;
;;;
;;;
;;;
;;;
;;;
;;;
;;;
;;;
;;;
;;;
;;;
;;;
;;;
;;;
;;;
;;;
;;;
;;;
;;;
;;;
;;;
;;;
;;;
;;;
;;;
;;;
;;;
;;;
;;;
;;;
;;;
;;;
;;;
;;;
;;;
;;;
;;;
;;;
;;;
;;;
;;;
;;;
;;;
;;;
;;;
;;;
;;;
;;;
;;;
;;;
;;;
;;;
;;;
;;;
;;;
;;;
;;;
;;;
;;;
;;;
;;;
;;;
;;;
;;;
;;;
;;;
;;;
;;;
;;;
;;;
;;;
;;;
;;;
;;;
;;;
;;;
;;;
;;;
;;;
;;;
;;;
;;;
;;;
;;;
;;;
;;;
;;;
;;;
;;;
;;;
;;;
;;;
;;;
;;;
;;;
;;;
;;;
;;;
;;;
;;;
;;;
;;;
;;;
;;;
;;;
;;;
;;;
;;;
;;;
;;;
;;;
;;;
;;;
;;;
;;;
;;;
;;;
;;;
;;;
;;;
;;;
;;;
;;;
;;;
;;;
;;;
;;;
;;;
;;;
;;;
;;;
;;;
;;;
;;;
;;;
;;;
;;;
;;;
;;;
;;;
;;;
;;;
;;;
;;;
;;;
;;;
;;;
;;;
;;;
;;;
;;;
;;;
;;;
;;;
;;;
;;;
;;;
;;;
;;;
;;;
;;;
;;;
;;;
;;;
;;;
;;;
;;;
;;;
;;;
;;;
;;;
;;;
;;;
;;;
;;;
;;;
;;;
;;;
;;;
;;;
;;;
;;;
;;;
;;;
;;;
;;;
;;;
;;;
;;;
;;;
;;;
;;;
;;;
;;;
;;;
;;;
;;;
;;;
;;;
;;;
;;;
;;;
;;;
;;;
;;;
;;;
;;;
;;;
;;;
;;;
;;;
;;;
;;;
;;;
;;;
;;;
;;;
;;;
;;;
;;;
;;;
;;;
;;;
;;;
;;;
;;;
;;;
;;;
;;;
;;;
;;;
;;;
;;;
;;;
;;;
;;;
;;;
;;;
;;;
;;;
;;;
;;;
;;;
;;;
;;;
;;;
;;;
;;;
;;;
;;;
;;;
;;;
;;;
;;;
;;;
;;;
;;;
;;;
;;;
;;;
;;;
;;;
;;;
;;;
;;;
;;;
;;;
;;;
;;;
;;;
;;;
;;;
;;;
;;;
;;;
;;;
;;;
;;;
;;;
;;;
;;;
;;;
;;;
;;;
;;;
;;;
;;;
;;;
;;;
;;;
;;;
;;;
;;;
;;;
;;;
;;;
;;;
;;;
;;;
;;;
;;;
;;;
;;;
;;;
;;;
;;;
;;;
;;;
;;;
;;;
;;;
;;;
;;;
;;;
;;;
;;;
;;;
;;;
;;;
;;;
;;;
;;;
;;;
;;;
;;;
;;;
;;;
;;;
;;;
;;;
;;;
;;;
;;;
;;;
;;;
;;;
;;;
;;;
;;;
;;;
;;;
;;;
;;;
;;;
;;;
;;;
;;;
;;;
;;;
;;;
;;;
;;;
;;;
;;;
;;;
;;;
;;;
;;;
;;;
;;;
;;;
;;;
;;;
;;;
;;;
;;;
;;;
;;;
;;;
;;;
;;;
;;;
;;;
;;;
;;;
;;;
;;;
;;;
;;;
;;;
;;;
;;;
;;;
;;;
;;;
;;;
;;;
;;;
;;;
;;;
;;;
;;;
;;;
;;;
;;;
;;;
;;;
;;;
;;;
;;;
;;;
;;;
;;;
;;;
;;;
;;;
;;;
;;;
;;;
;;;
;;;
;;;
;;;
;;;
;;;
;;;
;;;
;;;
;;;
;;;
;;;
;;;
;;;
;;;
;;;
;;;
;;;
;;;
;;;
;;;
;;;
;;;
;;;
;;;
;;;
;;;
;;;
;;;
;;;
;;;
;;;
;;;
;;;
;;;
;;;
;;;
;;;
;;;
;;;
;;;
;;;
;;;
;;;
;;;
;;;
;;;
;;;
;;;
;;;
;;;
;;;
;;;
;;;
;;;
;;;
;;;
;;;
;;;
;;;
;;;
;;;
;;;
;;;
;;;
;;;
;;;
;;;
;;;
;;;
;;;
;;;
;;;
;;;
;;;
;;;
;;;
;;;
;;;
;;;
;;;
;;;
;;;
;;;
;;;
;;;
;;;
;;;
;;;
;;;
;;;
;;;
;;;
;;;
;;;
;;;
;;;
;;;
;;;
;;;
;;;
;;;
;;;
;;;
;;;
;;;
;;;
;;;
;;;
;;;
;;;
;;;
;;;
;;;
;;;
;;;
;;;
;;;
;;;
;;;
;;;
;;;
;;;
;;;
;;;
;;;
;;;
;;;
;;;
;;;
;;;
;;;
;;;
;;;
;;;
;;;
;;;
;;;
;;;
;;;
;;;
;;;
;;;
;;;
;;;
;;;
;;;
;;;
;;;
;;;
;;;
;;;
;;;
;;;
;;;
;;;
;;;
;;;
;;;
;;;
;;;
;;;
;;;
;;;
;;;
;;;
;;;
;;;
;;;
;;;
;;;
;;;
;;;
;;;
;;;
;;;
;;;
;;;
;;;
;;;
;;;
;;;
;;;
;;;
;;;
;;;
;;;
;;;
;;;
;;;
;;;
;;;
;;;
;;;
;;;
;;;
;;;
;;;
;;;
;;;
;;;
;;;
;;;
;;;
;;;
;;;
;;;
;;;
;;;
;;;
;;;
;;;
;;;
;;;
;;;
;;;
;;;
;;;
;;;
;;;
;;;
;;;
;;;
;;;
;;;
;;;
;;;
;;;
;;;
;;;
;;;
;;;
;;;
;;;
;;;
;;;
;;;
;;;
;;;
;;;
;;;
;;;
;;;
;;;
;;;
;;;
;;;
;;;
;;;
;;;
;;;
;;;
;;;
;;;
;;;
;;;
;;;
;;;
;;;
;;;
;;;
;;;
;;;
;;;
;;;
;;;
;;;
;;;
;;;
;;;
;;;
;;;
;;;
;;;
;;;
;;;
;;;
;;;
;;;
;;;
;;;
;;;
;;;
;;;
;;;
;;;
;;;
;;;
;;;
;;;
;;;
;;;
;;;
;;;
;;;
;;;
;;;
;;;
;;;
;;;
;;;
;;;
;;;
;;;
;;;
;;;
;;;
;;;
;;;
;;;
;;;
;;;
;;;
;;;
;;;
;;;
;;;
;;;
;;;
;;;
;;;
;;;
;;;
;;;
;;;
;;;
;;;
;;;
;;;
;;;
;;;
;;;
;;;
;;;
;;;
;;;
;;;
;;;
;;;
;;;
;;;
;;;
;;;
;;;
;;;
;;;
;;;
;;;
;;;
;;;
;;;
;;;
;;;
;;;
;;;
;;;
;;;
;;;
;;;
;;;
;;;
;;;
;;;
;;;
;;;
;;;
;;;
;;;
;;;
;;;
;;;
;;;
;;;
;;;
;;;
;;;
;;;
;;;
;;;
;;;
;;;
;;;
;;;
;;;
;;;
;;;
;;;
;;;
;;;
;;;
;;;
;;;
;;;
;;;
;;;
;;;
;;;
;;;
;;;
;;;
;;;
;;;
;;;
;;;
;;;
;;;
;;;
;;;
;;;
;;;
;;;
;;;
;;;
;;;
;;;
;;;
;;;
;;;
;;;
;;;
;;;
;;;
;;;
;;;
;;;
;;;
;;;
;;;
;;;
;;;
;;;
;;;
;;;
;;;
;;;
;;;
;;;
;;;
;;;
;;;
;;;
;;;
;;;
;;;
;;;
;;;
;;;
;;;
;;;
;;;
;;;
;;;
;;;
;;;
;;;
;;;
;;;
;;;
;;;
;;;
;;;
;;;
;;;
;;;
;;;
;;;
;;;
;;;
;;;
;;;
;;;
;;;
;;;
;;;
;;;
;;;
;;;
;;;
;;;
;;;
;;;
;;;
;;;
;;;
;;;
;;;
;;;
;;;
;;;
;;;
;;;
;;;
;;;
;;;
;;;
;;;
;;;
;;;
;;;
;;;
;;;
;;;
;;;
;;;
;;;
;;;
;;;
;;;
;;;
;;;
;;;
;;;
;;;
;;;
;;;
;;;
;;;
;;;
;;;
;;;
;;;
;;;
;;;
;;;
;;;
;;;
;;;
;;;
;;;
;;;
;;;
;;;
;;;
;;;
;;;
;;;
;;;
;;;
;;;
;;;
;;;
;;;
;;;
;;;
;;;
;;;
;;;
;;;
;;;
;;;
;;;
;;;
;;;
;;;
;;;
;;;
;;;
;;;
;;;
;;;
;;;
;;;
;;;
;;;
;;;
;;;
;;;
;;;
;;;
;;;
;;;
;;;
;;;
;;;
;;;
;;;
;;;
;;;
;;;
;;;
;;;
;;;
;;;
;;;
;;;
;;;
;;;
;;;
;;;
;;;
;;;
;;;
;;;
;;;
;;;
;;;
;;;
;;;
;;;
;;;
;;;
;;;
;;;
;;;
;;;
;;;
;;;
;;;
;;;
;;;
;;;
;;;
;;;
;;;
;;;
;;;
;;;
;;;
;;;
;;;
;;;
;;;
;;;
;;;
;;;
;;;
;;;
;;;
;;;
;;;
;;;
;;;
;;;
;;;
;;;
;;;
;;;
;;;
;;;
;;;
;;;
;;;
;;;
;;;
;;;
;;;
;;;
;;;
;;;
;;;
;;;
;;;
;;;
;;;
;;;
;;;
;;;
;;;
;;;
;;;
;;;
;;;
;;;
;;;
;;;
;;;
;;;
;;;
;;;
;;;
;;;
;;;
;;;
;;;
;;;
;;;
;;;
;;;
;;;
;;;
;;;
;;;
;;;
;;;
;;;
;;;
;;;
;;;
;;;
;;;
;;;
;;;
;;;
;;;
;;;
;;;
;;;
;;;
;;;
;;;
;;;
;;;
;;;
;;;
;;;
;;;
;;;
;;;
;;;
;;;
;;;
;;;
;;;
;;;
;;;
;;;
;;;
;;;
;;;
;;;
;;;
;;;
;;;
;;;
;;;
;;;
;;;
;;;
;;;
;;;
;;;
;;;
;;;
;;;
;;;
;;;
;;;
;;;
;;;
;;;
;;;
;;;
;;;
;;;
;;;
;;;
;;;
;;;
;;;
;;;
;;;
;;;
;;;
;;;
;;;
;;;
;;;
;;;
;;;
;;;
;;;
;;;
;;;
;;;
;;;
;;;
;;;
;;;
;;;
;;;
;;;
;;;
;;;
;;;
;;;
;;;
;;;
;;;
;;;
;;;
;;;
;;;
;;;
;;;
;;;
;;;
;;;
;;;
;;;
;;;
;;;
;;;
;;;
;;;
;;;
;;;
;;;
;;;
;;;
;;;
;;;
;;;
;;;
;;;
;;;
;;;
;;;
;;;
;;;
;;;
;;;
;;;
;;;
;;;
